,Dataset,F1,ZeroOne
0,Vote,0.9040453790796921,90.34355179704016
1,Iris,0.9253963813963815,92.66666666666667
2,Glass,0.6476291390849511,61.55844155844155
3,Cancer,0.980137811365571,98.0
4,Soybean,0.7481904761904762,80.0
5,Vote_Noise,0.9133237785335201,91.29492600422833
6,Iris_Noise,0.870990527990528,87.33333333333334
7,Glass_Noise,0.6233314207374359,61.6017316017316
8,Cancer_Noise,0.9771049739482379,97.69230769230768
9,Soybean_Noise,0.5815,66.5
