,Dataset,F1,ZeroOne
0,Vote,0.9040208244820869,90.34355179704016
1,Iris,0.9329031154031153,93.33333333333334
2,Glass,0.6185528977077869,60.865800865800864
3,Cancer,0.9785536091706248,97.84615384615384
4,Soybean,0.7929999999999999,80.0
5,Vote_Noise,0.9148436869319999,91.48520084566596
6,Iris_Noise,0.8663506493506494,86.66666666666666
7,Glass_Noise,0.6204658068191904,60.2164502164502
8,Cancer_Noise,0.978544991038588,97.84615384615384
9,Soybean_Noise,0.7204285714285714,77.5
