,Dataset,F1,ZeroOne
0,Vote,0.9018901557589638,90.11099365750528
1,Iris,0.9265993265993266,92.66666666666667
2,Glass,0.6565082757431275,63.571428571428555
3,Cancer,0.9785564815554947,97.84615384615384
4,Soybean,0.7414999999999999,79.0
5,Vote_Noise,0.9131462438540652,91.23678646934461
6,Iris_Noise,0.8657154914801973,86.66666666666667
7,Glass_Noise,0.6242097160706183,60.84415584415584
8,Cancer_Noise,0.977007015721443,97.6923076923077
9,Soybean_Noise,0.7008333333333334,74.5
